video_url,user_url,username,title,view_num,created_at,shortdesc,collected_at
/watch?v=DdfWxlFoENw&pp=ygUUYmFsbCBoYW5kbGluZyBkcmlsbHM%3D,/@ILB,ILoveBasketballTV,LAKERS Coach Reveals PRO Ball Handling Secrets ü§´ [At Home Workout!],2.3M,5 years,Grab a ball and follow along as 3x NBA Champion Coach Phil Handy shows you his PRO ball handling secrets! If you're¬†...,2026-01-22 06:57:20.901649
/watch?v=oADaM2L1YLc&pp=ygUUYmFsbCBoYW5kbGluZyBkcmlsbHM%3D,/@ILB,ILoveBasketballTV,This 5 Minute DRIBBLING WORKOUT Changes Your Game FOREVER ü§Ø,6.6M,3 years,Join Coach Marcus Hodges from ILB Elite as he shows you a MUST DO daily ball handling workout that will take your dribbling to¬†...,2026-01-22 06:57:20.903667
/watch?v=ktoebYTz1-k&pp=ygUUYmFsbCBoYW5kbGluZyBkcmlsbHM%3D,/@lakers,Los Angeles Lakers,Handy's Handles - 4 Foundational Drills to Improve Your Game,989K,3 years,Subscribe for the latest Lakers' content: https://www.youtube.com/channel/UC8CSt-oVqy8pUAoKSApTxQw Follow us on¬†...,2026-01-22 06:57:20.905511
/watch?v=q-tg_pGEXfU&pp=ygUUYmFsbCBoYW5kbGluZyBkcmlsbHPSBwkJhwoBhyohjO8%3D,/@ILB,ILoveBasketballTV,10 Dribbling Drills That FIX Weak Handles FAST (Do These Daily!),29K,1 month,"Today's basketball workout helps you unlock better handles, cleaner footwork, and real game confidence with this complete¬†...",2026-01-22 06:57:20.907640
/watch?v=zqVBild4gPU&pp=ygUUYmFsbCBoYW5kbGluZyBkcmlsbHM%3D,/@ChampionshipProductions,Championship Productions,Ball Handling Drills with Brett Gunning and Jay Wright!,298K,7 years,"with Brett Gunning, Houston Rockets (NBA) Assistant Coach; former Villanova University Associate Men's Basketball Coach, with¬†...",2026-01-22 06:57:20.910114
/watch?v=4XueSrKrCtA&pp=ygUUYmFsbCBoYW5kbGluZyBkcmlsbHM%3D,/@ILB,ILoveBasketballTV,ELITE At-Home Dribbling Workout! Just 15 Minutes üèÄ Follow Along Ball Handling!,119K,4 years,"New ILB Elite Trainer, Marcus Hodges gives you an ELITE 15 minute workout to perfect handles! Try this elite dribbling workout to¬†...",2026-01-22 06:57:20.912673
/shorts/fCS_DTWVo6E,/@keithpoitierperformance,Keith Poitier Performance,3 BALL HANDLING DRILLS TO DO EVERYDAY üî•ü´°,283K,2 years,These three handle drills will have your handles on a string make sure you guys send this to a partner who also needs to work on¬†...,2026-01-22 06:57:20.914231
/watch?v=XmaqmZEaS9I&pp=ygUUYmFsbCBoYW5kbGluZyBkcmlsbHPSBwkJhwoBhyohjO8%3D,/@ChampionshipProductions,Championship Productions,"The ""Two-Minute Dribble"" Basketball Drill to Improve Ball Handling!",75K,4 years,"with Kyle Smithpeters, John A. Logan College Head Men's Coach; 2019-20 NJCAA Region 24 champions; has coached seven¬†...",2026-01-22 06:57:20.917001
/watch?v=l1U5oSMQ6S4&pp=ygUUYmFsbCBoYW5kbGluZyBkcmlsbHM%3D,/@BreakthroughBBall,BreakthroughBBall,"Basketball Drills - Multipurpose Ball Handling, Passing, Cutting, and Finishing Drill",701K,13 years,Free scoring champ skills workout: http://www.btball.com/training1 This great multi-purpose drill that will improve your ball¬†...,2026-01-22 06:57:20.920047
/shorts/fJv-nSU0tgk,/@PETERDANYLIV,Peter Danyliv,5 Ball Handling Drills to Improve your Dribbling and have handles like Kyrieü™ÄüèÄüéí,97K,4 months,... got five drills that's going to really test your handle So first of all we're going to start extended arm hand under the ball and we're¬†...,2026-01-22 06:57:20.921692
/watch?v=CodtYBdacps&pp=ygUUYmFsbCBoYW5kbGluZyBkcmlsbHM%3D,/@BreakthroughBBall,BreakthroughBBall,üî• 3 Dribbling Drills for INSANE Handles! üèÄ | Ball Handling Drills For Players,15K,9 months,GET YOUR FREE PDF! 3 SCORING CHAMP SKILL WORKOUTS - https://bit.ly/4ipT9fn Want better ball control and smoother¬†...,2026-01-22 06:57:20.923301
/watch?v=UqJtZ1EYbBI&pp=ygUUYmFsbCBoYW5kbGluZyBkcmlsbHM%3D,/@alyssaustby1,Alyssa Ustby,D1 Basketball Player 5 Minute DRIBBLING WORKOUT,477K,1 year,"Working on your handle every day is a MUST. Between stationary and on-the-move drills, it is important to challenge yourself with¬†...",2026-01-22 06:57:20.925296
/watch?v=rIMUZJZkzX8&pp=ygUUYmFsbCBoYW5kbGluZyBkcmlsbHM%3D,/@ChrisGatlinWorkouts,Chris Gatlin,30 Minute Daily Ball Handling Workout for All Levels | (CRAZY BURN!),98K,2 years,Improve Your Handles with my EXCLUSIVE 'Ball Handling' Workout designed to take your handles to the next level¬†...,2026-01-22 06:57:20.926786
/watch?v=CLoWxOvlHkk&pp=ygUUYmFsbCBoYW5kbGluZyBkcmlsbHM%3D,/@ILB,ILoveBasketballTV,The Ultimate 5 Minute Ball Handling Workout for BEGINNERS üèÄ,285K,1 year,Coach Ryan Jones from ILB Elite is here today and giving you an absolute killer of a ball-handling workout ‚ò†Ô∏è   Inside the video¬†...,2026-01-22 06:57:20.929318
/watch?v=8OO-RzWzh74&pp=ygUUYmFsbCBoYW5kbGluZyBkcmlsbHM%3D,/@BreakthroughBBall,BreakthroughBBall,10 Youth Ball Handling Drills -- The Maravich Series,410K,11 years,Free scoring champ skills workout: http://www.btball.com/youthdrillsmavarich If you're looking for a great set of ball handling drills¬†...,2026-01-22 06:57:20.931491
/watch?v=Dk65Bq24OyQ&pp=ygUUYmFsbCBoYW5kbGluZyBkcmlsbHM%3D,/@94feetofgame,Phil Handy,Get Your HANDLE Right | At-Home Dribbling Workout,778K,1 year,Los Angeles Lakers Phil Handy works brings you an at-home ball handling workout to IMPROVE YOUR HANDLES. No need for a¬†...,2026-01-22 06:57:20.933317
/watch?v=rKYoQwhJQAY&pp=ygUUYmFsbCBoYW5kbGluZyBkcmlsbHM%3D,/@CoachAshworth,Coach Ashworth,45 Minute Basketball Skills Workout - Drills to Make Your Players Better,576K,2 years,Coach Ashworth breaks down a 45 minute workout that will help develop basketball skills. Coaching basketball? Grab my¬†...,2026-01-22 06:57:20.934956
/watch?v=GMkrad_xcwc&pp=ygUUYmFsbCBoYW5kbGluZyBkcmlsbHM%3D,/@profectyourgame,Pro Training Basketball,15 Min. Dribbling Workout | Workout #14 - Weak Hand | Pro Training Basketball,41K,3 years,15 Min. Dribbling Workout | Workout #14 - Weak Hand | Pro Training Basketball Today's video is part 2 of our 30 minute follow¬†...,2026-01-22 06:57:20.937176
/watch?v=P7NBo3yKkm4&pp=ygUUYmFsbCBoYW5kbGluZyBkcmlsbHM%3D,/@ILB,ILoveBasketballTV,The Ultimate 5 Minute DRIBBLING WORKOUT üèÄ NBA Ball Handling,181K,2 years,Coach Marcus Hodges from ILB Elite is here today and he is showing you a MUST DO daily ball handling workout that is going to¬†...,2026-01-22 06:57:20.939343
/shorts/xwTw-yie-Is,/@keithpoitierperformance,Keith Poitier Performance,4 BALL HANDLING DRILLS that will actually make you SHIFTY #basketball,2.4M,2 years,Four ball handling drills you should be doing every day that are going to make you shift and exactly why they were starting off you¬†...,2026-01-22 06:57:31.049683
/shorts/RQ5EriRP6gg,/@HoopStudy,HoopStudy,BALL HANDLING DRILLS FOR BEGINNERS!!! #hoopstudy #basketball,89K,2 years,Interested in our Player's Academy? Player's Academy  ¬†...,2026-01-22 06:57:31.053277
/shorts/skFSRni8b9c,/@ballislife,Ballislife,3 Ball Handling Drills For Up & Coming Hoopers,2.7M,2 years,3 Ball Handling Drills For Up & Coming Hoopers #TeamNike #NikeLA #AirWest Subscribe to our memberships to get Perks and¬†...,2026-01-22 06:57:31.059630
/watch?v=UVAz2aASZx4&pp=ygUUYmFsbCBoYW5kbGluZyBkcmlsbHM%3D,/@BreakthroughBBall,BreakthroughBBall,7 Best Youth Basketball Dribbling Drills | Fun Dribbling Drills For Kids,61K,1 year,"Get your FREE PDF! 20 Youth Drills & Practice Plans - https://bit.ly/3WgUGuW In this video, you are going to learn 7 of the best¬†...",2026-01-22 06:57:31.063825
/watch?v=SNdkDMzDQ2M&pp=ygUUYmFsbCBoYW5kbGluZyBkcmlsbHM%3D,/@themidrange,The Mid Range,How an ELITE basketball player works on their dribbling!,83K,1 year,This is the only way to become a real elite ballhandler. Stop wasting time with one off moves that will never work in a real game¬†...,2026-01-22 06:57:31.067276
/shorts/4ICJXKSOtog,/@tjltraining,TJL Training,HANDLE PRESSURE BETTER WITH THIS BALL HANDLING DRILL,26K,1 year,Here is a great ball handling drill that will help you deal with pressure better.,2026-01-22 06:57:31.068727
/watch?v=MRrNi7uHmaY&pp=ygUUYmFsbCBoYW5kbGluZyBkcmlsbHM%3D,/@GetHandles,Get Handles Basketball,6 BEST Dribbling Drills For Kids! Basketball Drills For Beginners,2.4M,8 years,Today we have basketball dribbling drills to help kids and beginners dribble better. FREE Defender Destroyer Ball Handling¬†...,2026-01-22 06:57:31.072574
/shorts/PnU6UtCvWh0,/@94feetofgame,Phil Handy,Ball handling is just like being in a defensive position üîë,1.2M,3 years,Ball handling is like being in a defensive stance okay my base is good my balance is good my chest is never out in front of my¬†...,2026-01-22 06:57:31.076037
/watch?v=BnvGa0I8bMc&pp=ygUUYmFsbCBoYW5kbGluZyBkcmlsbHPSBwkJhwoBhyohjO8%3D,/@jrnba,Jr. NBA Jr. WNBA,Fundamentals of Dribbling,3.3M,9 years,Watch NBA Legend Isiah Thomas go through some of the dribbling basics.,2026-01-22 06:57:31.080781
/watch?v=iH7m8hqCOFM&pp=ygUUYmFsbCBoYW5kbGluZyBkcmlsbHM%3D,/@profectyourgame,Pro Training Basketball,10 Minute Follow Along Dribbling Workout | Ball Control Workout | Pro Training Basketball,90K,4 years,Today's video is a 10 minute follow along dribbling workout that is going to work on your ball control and overall ball handling¬†...,2026-01-22 06:57:31.085690
/shorts/iUMWRD7WnBU,/@doubledribble90,Double Dribble NBA,STEPHEN CURRY HANDLING WORKOUT üèÄü•∂,350K,3 years,shorts.,2026-01-22 06:57:31.087019
/watch?v=pFUtTyQ619I&pp=ygUUYmFsbCBoYW5kbGluZyBkcmlsbHM%3D,/@profectyourgame,Pro Training Basketball,30 Min. Dribbling Workout | Workout #5 - Ball Control & Single Moves | Pro Training Basketball,64K,3 years,30 Min. Dribbling Workout | Workout #5 - Ball Control & Single Moves | Pro Training Basketball Today's video is a 30 minute follow¬†...,2026-01-22 06:57:31.095317
/shorts/n7WFq78k4FI,/@PureSweat,Pure Sweat Basketball,Drew Hanlen's 3Ô∏è‚É£ Favorite Dribbling Drills,28K,1 year,"Here are three dribbling drills to do EVERY day! If you really want to improve your handles, check out our ball handling¬†...",2026-01-22 06:57:31.096902
/shorts/ypK8xE-XHec,/@GetHandles,Get Handles Basketball,Handles Start HERE ‚úÖ,1.7M,2 years,FREE hybrid workout develops ball handling & athleticism at the SAME TIME: https://gethandles.com Full Workouts & Training¬†...,2026-01-22 06:57:31.102644
/shorts/kDLm0qSVGiY,/@RevengeBasketball,Revenge Basketball,Ball Handling Drills To Do ANYWHERE! ‚úÖ,56K,2 years,Do these ball handling drills whenever you are and you will improve your handles.,2026-01-22 06:57:31.108429
/watch?v=QJ2kx13F7aA&pp=ygUUYmFsbCBoYW5kbGluZyBkcmlsbHM%3D,/@ILB,ILoveBasketballTV,FULL Ball Handling Workout That Makes You SHIFTY! ‚õπÔ∏è‚Äç‚ôÇÔ∏èüí®,117K,1 year,"In today's video, you'll receive a full workout to become a shifty ball handler. It's simple. Today, we're going to get your handle right¬†...",2026-01-22 06:57:31.118171
/shorts/iPe6ntYdURM,/@ianwhietala,Ian Hietala,This Drill Will Make You a SHIFTY Basketball Player!,298K,6 months,... drill that I do to get shippy okay so first look just grab two cones and place them right in front of you well okay then grab your ball¬†...,2026-01-22 06:57:31.119754
/watch?v=Kg5s7Ao1-x8&pp=ygUUYmFsbCBoYW5kbGluZyBkcmlsbHM%3D,/@VisionDrivenBasketball,Vision Driven Basketball,The 3 Steps to Becoming an ELITE Ball Handler (Avoid Useless Drills),20K,6 months,Check out the FREE 5 Quality Ball Handling Workout if you want to transform your handles:¬†...,2026-01-22 06:57:31.126709
/watch?v=xrj1VywdxkU&pp=ygUUYmFsbCBoYW5kbGluZyBkcmlsbHM%3D,/@ILB,ILoveBasketballTV,The Only Dribbling Workout I‚Äôd Use to Build a Shifty Handle at Home üèÄ,17K,1 month,These are the only ball handling drills I'd use to build a shifty handle that holds up in real basketball games! If you're stuck at¬†...,2026-01-22 06:57:31.131880
/watch?v=Ap54qviLYSU&pp=ygUUYmFsbCBoYW5kbGluZyBkcmlsbHM%3D,/@profectyourgame,Pro Training Basketball,5 Dribbling Drills For BEGINNERS | How To Dribble A Basketball | Pro Training Basketball,125K,4 years,"In today's video we are going to go over 5 dribbling drills for beginners. These drills will improve your ball control, basic dribbling¬†...",2026-01-22 06:57:38.940115
/watch?v=1K0rlzOXOZY&pp=ygUUYmFsbCBoYW5kbGluZyBkcmlsbHM%3D,/@HowardEliteBasketball,Howard Elite Basketball,HOW TO IMPROVE DRIBBLING - BASKETBALL DRILLS AT HOME,2M,7 years,HOW TO IMPROVE DRIBBLING - BASKETBALL DRILLS AT HOME this video will show you the top 3 dribbling drills you can do at¬†...,2026-01-22 06:57:38.942051
/watch?v=1zRQwaN96rk&pp=ygUUYmFsbCBoYW5kbGluZyBkcmlsbHM%3D,/@BreakthroughBBall,BreakthroughBBall,17 Stationary Dribbling Drills for Basketball - Youth to Pros!,203K,6 years,"Watch this video to learn stationary ball-handling drills to improve hand-eye coordination, develop a feel for the ball and get¬†...",2026-01-22 06:57:38.944390
/watch?v=Zix5EP74jTs&pp=ygUUYmFsbCBoYW5kbGluZyBkcmlsbHM%3D,/@DeepGameBasketball,DeepGame,The 10 Minute Ball Handling Workout,1.8M,6 years,Go Beyond Basketball: https://taylorallan.me/deep-game/ Our New YouTube Channel: https://www.youtube.com/@taylorallantalks¬†...,2026-01-22 06:57:38.946568
/watch?v=u59NP9n9Fis&pp=ygUUYmFsbCBoYW5kbGluZyBkcmlsbHM%3D,/@DeepGameBasketball,DeepGame,15 ADVANCED Ball Handling Drills For Point Guards,152K,5 years,Go Beyond Basketball: https://taylorallan.me/deep-game/ Our New YouTube Channel: https://www.youtube.com/@taylorallantalks¬†...,2026-01-22 06:57:38.948152
/watch?v=VPtaaryWGiY&pp=ygUUYmFsbCBoYW5kbGluZyBkcmlsbHM%3D,/@ILB,ILoveBasketballTV,‚úÖ The PERFECT At-Home Ball Handling Workout! üèÄ,197K,4 years,In today's video Coach Ryan Razooky outlines the PERFECT dribbling workout to boost your ball handling skills at HOME!,2026-01-22 06:57:38.950216
/shorts/cg3m4h9zslM,/@BillyClapperBasketball,Billy Clapper Basketball,Pro Cone Ball Handling with a crossover - TRY THIS DRILL,64K,2 years,Here is Pro Cone Ball Handling with a crossover! We attack using crossovers between the cones as we move forward. We then¬†...,2026-01-22 06:57:38.953191
/watch?v=AVaIPK0w5u8&pp=ygUUYmFsbCBoYW5kbGluZyBkcmlsbHM%3D,/@profectyourgame,Pro Training Basketball,10 Minute Follow Along Dribbling Workout | How To Become More Shifty | Pro Training Basketball,58K,4 years,"Today's video is a 10 minute follow along dribbling workout that is going to make you more shifty by staying low, wide and¬†...",2026-01-22 06:57:38.955571
/watch?v=NCHxsar6ZNA&pp=ygUUYmFsbCBoYW5kbGluZyBkcmlsbHM%3D,/@ILB,ILoveBasketballTV,INTENSE AT HOME Dribbling Workout with LA LAKERS Coach! üò±,1.8M,5 years,"In today's video, LA Lakers Assistant Coach, Phil Handy gives you a CHALLENGING at home workout for ball handling! If you're¬†...",2026-01-22 06:57:38.962178
/watch?v=_2-rom7eTV4&pp=ygUUYmFsbCBoYW5kbGluZyBkcmlsbHM%3D,/@hoopgenerationbasketball,Hoop Generation Basketball,This 10 minute DRIBBLING WORKOUT gives you ELITE ball control FOREVER  üöÄ (Follow along),76K,2 years,Join Coach Payton in this 10 minute Ball Handling Workout. This workout will take your handles to another level! Make sure to¬†...,2026-01-22 06:57:38.980633
/watch?v=Z8xg6cJKMcE&pp=ygUUYmFsbCBoYW5kbGluZyBkcmlsbHM%3D,/@Shiftteamhq,IN THE LAB,Ball Handling Workout For a SMOOTHER Handle!,645K,4 years,"Fire Fist Ace Shorts drop soon, text for early access: +1 (310) 359-0521 __ New Apparel: https://inthelab.tv/ Academy:¬†...",2026-01-22 06:57:38.989358
/watch?v=moPEMNHmwc4&pp=ygUUYmFsbCBoYW5kbGluZyBkcmlsbHM%3D,/@RevengeBasketball,Revenge Basketball,How To GET BETTER HANDLES In Just 5 Minutes a Day (DO THIS DAILY!!),1.1M,4 years,How To GET BETTER HANDLES In Just 5 Minutes a Day!! In today's video Coach Rock will show you a simple but effective¬†...,2026-01-22 06:57:38.995971
/watch?v=Ar6QuexqWno&pp=ygUUYmFsbCBoYW5kbGluZyBkcmlsbHM%3D,/@DavidMasonElev8,David Mason Elev8,FULL ELITE Ball Handling Workout!,7.3K,3 months,"In this video, I'll be putting you through a ball handling workout that I use for all my ELITE Players. Go through all the drills and it¬†...",2026-01-22 06:57:48.269133
/shorts/uBgZvWDG9yA,/@unisport,Unisport,5 Ball Mastery Exercises You Can Do Anywhere,724K,2 years,"Learn football skills with Unisport and see the latest reviews. If you contribute with subtitles, titles or descriptions leave your name¬†...",2026-01-22 06:57:48.270779
/watch?v=r-AeX3jLSw4&pp=ygUUYmFsbCBoYW5kbGluZyBkcmlsbHM%3D,/@ByAnyMeansBasketball,By Any Means Basketball,20-Minute Ballhandling Workout for Shiftiness üî¨,347K,5 years,"I think you'll find this workout pretty unique. The primary goals of the workout were (1) to develop confidence manipulating the ball,¬†...",2026-01-22 06:57:48.272639
/shorts/rhRDXvlPoFQ,/@unisport,Unisport,INSTANTLY improve dribbling with these!,938K,2 years,5 essential dribbling drills to improve your dribbling skills and ball control. Join 7MLC as he gives you 5 dribbling drills that are¬†...,2026-01-22 06:57:48.274641
/shorts/vNE0jA2K_gs,/@keithpoitierperformance,Keith Poitier Performance,3 BEST HANDLE DRILLS FOR #basketball,214K,2 years,Top three handle drills that got me my hand we've been training for over 20 years so I know exactly what works and what doesn't¬†...,2026-01-22 06:57:48.276537
/shorts/Sngdxclo804,/@ILB,ILoveBasketballTV,This Footwork Tip Will TRANSFORM Your Ball Handling Skills ‚õπÔ∏è‚Äç‚ôÇÔ∏è,86K,1 year,Footwork is the key to being an elite ball handler. Coach Ian Hietala is here today to show you how to improve your footwork and¬†...,2026-01-22 06:57:48.279703
/watch?v=5VZJubR6eKU&pp=ygUUYmFsbCBoYW5kbGluZyBkcmlsbHPSBwkJhwoBhyohjO8%3D,/@BreakthroughBBall,BreakthroughBBall,9 Youth Ball Handling Drills for Kids l To Do By Yourself,83K,2 years,This video includes the best youth basketball drills for beginners. These ball handling drills are best for kids ages 8-13 and will¬†...,2026-01-22 06:57:48.281638
/watch?v=l0bIDfGXKsQ&pp=ygUUYmFsbCBoYW5kbGluZyBkcmlsbHM%3D,/@ByAnyMeansBasketball,By Any Means Basketball,You‚Äôve never done a ballhandling workout like this‚Ä¶,86K,1 year,"Not saying that most of traditional ballhandling training is bad at all, but parts of it definitley need a revamp. This is a unique¬†...",2026-01-22 06:57:48.282958
/watch?v=zJJg7yRU9Qk&pp=ygUUYmFsbCBoYW5kbGluZyBkcmlsbHM%3D,/@profectyourgame,Pro Training Basketball,20 Min. Dribbling Workout | Workout #18 - Advance Combo Moves (Part 2) | Pro Training Basketball,23K,2 years,20 Min. Dribbling Workout | Workout #18 - Advance Combo Moves (Part 2) | Pro Training Basketball Today's video is a 20 minute¬†...,2026-01-22 06:57:48.286411
/shorts/qj8OYS53pH8,/@HoopStudy,HoopStudy,TRY these üéæüèÄ Handle drills!,128K,4 years,Are some drills y'all can do with a tennis ball to improve your handle your off hand and your rhythm let's get. It.,2026-01-22 06:57:48.287876
/watch?v=VLxSBheZjlo&pp=ygUUYmFsbCBoYW5kbGluZyBkcmlsbHM%3D,/@ILB,ILoveBasketballTV,FULL SHIFTY WORKOUT üò§ Best Ball Handling Workout For Guards!,26K,9 months,Are your stationary dribbling drills actually holding you back? Most players think endless ball-pounding drills will improve their¬†...,2026-01-22 06:57:48.289777
/watch?v=OzA_fP9WZc4&pp=ygUUYmFsbCBoYW5kbGluZyBkcmlsbHM%3D,/@ILB,ILoveBasketballTV,The ULTIMATE Ball Handling Workout üèÄ,116K,3 years,Coach Marcus Hodges from ILB Elite is here today with his BEST ball handling workout! Do this ball handling workout if you want¬†...,2026-01-22 06:57:48.291558
/watch?v=VRUzBuTSkxc&pp=ygUUYmFsbCBoYW5kbGluZyBkcmlsbHM%3D,/@yougotmojo,yougotmojo,Best Basketball Dribbling Drills for Kids | Fun Youth Basketball Drills by MOJO,112K,4 years,"Like all youth basketball drills, youth basketball dribbling drills should be simple and fun. The key with basketball drills for kids is¬†...",2026-01-22 06:57:48.295297
/shorts/EUjlGTvsbe0,/@keithpoitierperformance,Keith Poitier Performance,4 BALL HANDLING DRILLS THAT KEEP MY HANDLE ON A STRING #basketballtraining,12K,3 years,When I do these four ball handling drills my handle is on a string all game number one you've probably seen this before jolt¬†...,2026-01-22 06:57:48.296890
/shorts/5imBazoVunY,/@PureSweat,Pure Sweat Basketball,Tyrese Maxey Perimeter Handles Workout,361K,1 year,Some will think these are just wasted dribbles...but in reality he is trying to shift the defense and make them react to give angles to¬†...,2026-01-22 06:57:48.298317
/watch?v=hB_AsbbLoJg&pp=ygUUYmFsbCBoYW5kbGluZyBkcmlsbHM%3D,/@Good-Drill,Good Drill,Develop Unstoppable Handle in 10 Minutes,32K,1 year,Join Bobby Whyte and Mark as they dive into a series of drills designed to elevate your ball-handling skills. Each drill is crafted to¬†...,2026-01-22 06:57:48.299650
